<?xml version="1.0"?>
<doc>
    <assembly>
        <name>SmashArcNet</name>
    </assembly>
    <members>
        <member name="T:SmashArcNet.ArcFile">
            <summary>
            A safe wrapper for the ARC format. 
            </summary>
        </member>
        <member name="P:SmashArcNet.ArcFile.FileCount">
            <summary>
            The total number of file entries in the arc.
            </summary>
        </member>
        <member name="P:SmashArcNet.ArcFile.Version">
            <summary>
            The file version of the ARC.
            </summary>
        </member>
        <member name="M:SmashArcNet.ArcFile.Finalize">
            <summary>
            Frees the resources associated with this ARC
            </summary>
        </member>
        <member name="M:SmashArcNet.ArcFile.TryOpenArc(System.String,SmashArcNet.ArcFile@)">
            <summary>
            Tries to create <paramref name="arcFile"/> from <paramref name="path"/>.
            Make sure to call <see cref="M:SmashArcNet.HashLabels.TryLoadHashes(System.String)"/> before trying to load an ARC.
            </summary>
            <param name="path">The data.arc file path</param>
            <param name="arcFile">The resulting ARC</param>
            <returns><c>true</c> if the ARC file was opened successfully</returns>
        </member>
        <member name="M:SmashArcNet.ArcFile.TryOpenArcNetworked(System.String,SmashArcNet.ArcFile@)">
            <summary>
            Tries to create <paramref name="arcFile"/> from <paramref name="ipAddress"/>.
            Make sure to call <see cref="M:SmashArcNet.HashLabels.TryLoadHashes(System.String)"/> before trying to load an ARC.
            </summary>
            <param name="ipAddress">IP address of the Switch console</param>
            <param name="arcFile">The resulting ARC</param>
            <returns><c>true</c> if the ARC file was opened successfully</returns>
        </member>
        <member name="M:SmashArcNet.ArcFile.TryExtractFile(SmashArcNet.Nodes.ArcFileNode,System.String)">
            <summary>
            Tries to extract the uncompressed contents of <paramref name="file"/> to <paramref name="outputPath"/>.
            The region is set to <see cref="F:SmashArcNet.RustTypes.Region.UsEnglish"/>.
            </summary>
            <param name="file">The file node to extract</param>
            <param name="outputPath">The destination file for the extracted contents</param>
            <returns><c>true</c> if the file was extracted succesfully</returns>
        </member>
        <member name="M:SmashArcNet.ArcFile.TryExtractFile(SmashArcNet.Nodes.ArcFileNode,System.String,SmashArcNet.RustTypes.Region)">
            <summary>
            Tries to extract the uncompressed contents of <paramref name="file"/> to <paramref name="outputPath"/> for the specified <paramref name="region"/>.
            </summary>
            <param name="file">The file node to extract</param>
            <param name="outputPath">The destination file for the extracted contents</param>
            <param name="region">The regional variant of each file to use</param>
            <returns><c>true</c> if the file was extracted succesfully</returns>
        </member>
        <member name="M:SmashArcNet.ArcFile.GetRootNodes">
            <summary>
            Gets the child nodes of the ARC sorted in ascending alphabetical order.
            These will mostly likely be <see cref="T:SmashArcNet.Nodes.ArcDirectoryNode"/> (ex: "fighter/").
            The region is set to <see cref="F:SmashArcNet.RustTypes.Region.UsEnglish"/>.
            </summary>
            <returns>the child nodes of ARC root</returns>
        </member>
        <member name="M:SmashArcNet.ArcFile.GetRootNodes(SmashArcNet.RustTypes.Region)">
            <summary>
            Gets the child nodes of the ARC sorted in ascending alphabetical order for the specified <paramref name="region"/>.
            These will mostly likely be <see cref="T:SmashArcNet.Nodes.ArcDirectoryNode"/> (ex: "fighter/").
            The region is set to <see cref="F:SmashArcNet.RustTypes.Region.UsEnglish"/>.
            </summary>
            <param name="region">The regional variant of each file to use</param>
            <returns>the child nodes of ARC root</returns>
        </member>
        <member name="M:SmashArcNet.ArcFile.GetChildren(SmashArcNet.Nodes.ArcDirectoryNode)">
            <summary>
            Gets the children of <paramref name="parent"/> sorted in ascending alphabetical order.
            The resulting list will be empty if there are no children.
            The region is set to <see cref="F:SmashArcNet.RustTypes.Region.UsEnglish"/>.
            </summary>
            <param name="parent">The parent node</param>
            <returns>the child nodes of <paramref name="parent"/></returns>
        </member>
        <member name="M:SmashArcNet.ArcFile.GetChildren(SmashArcNet.Nodes.ArcDirectoryNode,SmashArcNet.RustTypes.Region)">
            <summary>
            Gets the children of <paramref name="parent"/> sorted in ascending alphabetical order
            for the specified <paramref name="region"/>.
            The resulting list will be empty if there are no children.
            The region is set to <see cref="F:SmashArcNet.RustTypes.Region.UsEnglish"/>.
            </summary>
            <param name="parent">The parent node</param>
            <param name="region">The regional variant of each file to use</param>
            <returns>the child nodes of <paramref name="parent"/></returns>
        </member>
        <member name="M:SmashArcNet.ArcFile.GetSharedFilePaths(SmashArcNet.Nodes.ArcFileNode)">
            <summary>
            Finds the files that share their data with <paramref name="file"/>.
            The region is set to <see cref="F:SmashArcNet.RustTypes.Region.UsEnglish"/>.
            </summary>
            <param name="file">The file node to search</param>
            <returns>A list of file paths that share this file's data</returns>
        </member>
        <member name="M:SmashArcNet.ArcFile.GetSharedFilePaths(SmashArcNet.Nodes.ArcFileNode,SmashArcNet.RustTypes.Region)">
            <summary>
            Finds the files that share their data with <paramref name="file"/> 
            for the speciied <paramref name="region"/>.
            </summary>
            <param name="file">The file node to search</param>
            <param name="region">The regional variant of each file to use</param>
            <returns>A list of file paths that share this file's data</returns>
        </member>
        <member name="M:SmashArcNet.ArcFile.SearchFiles(System.String,System.UInt64,SmashArcNet.RustTypes.Region)">
            <summary>
            Searches the entire ARC using a fuzzy file path search.
            Results are ordered based on how closely they match <paramref name="searchTerm"/>,
            and the top <paramref name="maxFiles"/> results are returned.
            </summary>
            <param name="searchTerm">The term to search for</param>
            <param name="maxFiles">The maximum number of results to return</param>
            <param name="region">The regional variant of each file to use</param>
            <returns>The matching file paths</returns>
        </member>
        <member name="M:SmashArcNet.ArcFile.CreateNode(System.String,SmashArcNet.RustTypes.Region)">
            <summary>
            Creates an ARC node from <paramref name="path"/> using the specified <paramref name="region"/>.
            The returned <see cref="T:SmashArcNet.Nodes.IArcNode"/> is not guaranteed to refer to a valid entry in the ARC.
            </summary>
            <param name="path">The absolute path of the file or directory</param>
            <param name="region"></param>
            <returns>An <see cref="T:SmashArcNet.Nodes.IArcNode"/> representing <paramref name="path"/></returns>
        </member>
        <member name="T:SmashArcNet.HashLabels">
            <summary>
            Contains methods for dealing with path hashes.
            </summary>
        </member>
        <member name="P:SmashArcNet.HashLabels.IsInitialized">
            <summary>
            <c>true</c> if hashes were loaded successfully by the last call to <see cref="M:SmashArcNet.HashLabels.TryLoadHashes(System.String)"/>.
            </summary>
        </member>
        <member name="M:SmashArcNet.HashLabels.TryLoadHashes(System.String)">
            <summary>
            Initializes the hash dictionary from a path pointing to a line separated list of strings to hash.
            </summary>
            <param name="path">the text file path containing the strings to hash</param>
            <returns><c>true</c> if the hash labels were loaded successfully</returns>
        </member>
        <member name="T:SmashArcNet.Nodes.ArcDirectoryNode">
            <summary>
            A directory listing in the ARC.
            </summary>
        </member>
        <member name="P:SmashArcNet.Nodes.ArcDirectoryNode.Path">
            <summary>
            The absolute path of the directory. This may contain a trailing slash.
            Examples: "a/b/c/", "a/b/"
            </summary>
        </member>
        <member name="M:SmashArcNet.Nodes.ArcDirectoryNode.ToString">
            <summary>
            example: "a/b/c/"
            </summary>
            <returns>The string representation of this <see cref="T:SmashArcNet.Nodes.ArcDirectoryNode"/></returns>
        </member>
        <member name="T:SmashArcNet.Nodes.ArcFileNode">
            <summary>
            A file listing in the ARC.
            </summary>
        </member>
        <member name="P:SmashArcNet.Nodes.ArcFileNode.Path">
            <summary>
            The absolute path of the file or the full path hash in hex if the file name or parent hash label is not found.
            Ex: "fighter/mario/model/body/c00/model.numatb" or "0x29954022ed"
            </summary>
        </member>
        <member name="P:SmashArcNet.Nodes.ArcFileNode.FileName">
            <summary>
            The name of the file without its parent directory or the hash in hex if no label is found. 
            Ex: "model.numatb" or "0xcb3406d79" 
            </summary>
        </member>
        <member name="P:SmashArcNet.Nodes.ArcFileNode.Extension">
            <summary>
            The file extension or the extension hash in hex if no label is found.
            Ex: "numatb" or "0x6dab89279"
            </summary>
        </member>
        <member name="P:SmashArcNet.Nodes.ArcFileNode.Offset">
            <summary>
            The file data's offset in bytes
            </summary>
        </member>
        <member name="P:SmashArcNet.Nodes.ArcFileNode.CompSize">
            <summary>
            The size of the file data in bytes.
            </summary>
        </member>
        <member name="P:SmashArcNet.Nodes.ArcFileNode.DecompSize">
            <summary>
            The size of the file data in bytes after being decompressed.
            </summary>
        </member>
        <member name="P:SmashArcNet.Nodes.ArcFileNode.IsStream">
            <summary>
            <c>true</c> if the file is a stream file
            </summary>
        </member>
        <member name="P:SmashArcNet.Nodes.ArcFileNode.IsShared">
            <summary>
            <c>true</c> if the file data is shared with other files.
            </summary>
        </member>
        <member name="P:SmashArcNet.Nodes.ArcFileNode.IsRedirect">
            <summary>
            <c>true</c> if the file is redirected.
            </summary>
        </member>
        <member name="P:SmashArcNet.Nodes.ArcFileNode.IsRegional">
            <summary>
            <c>true</c> if the file regional.
            </summary>
        </member>
        <member name="P:SmashArcNet.Nodes.ArcFileNode.IsLocalized">
            <summary>
            <c>true</c> if the file is localized.
            </summary>
        </member>
        <member name="P:SmashArcNet.Nodes.ArcFileNode.IsCompressed">
            <summary>
            <c>true</c> if the file is compressed.
            </summary>
        </member>
        <member name="P:SmashArcNet.Nodes.ArcFileNode.UsesZstd">
            <summary>
            <c>true</c> if the file uses zstd compression.
            </summary>
        </member>
        <member name="M:SmashArcNet.Nodes.ArcFileNode.ToString">
            <summary>
            example: "a/b/c/file.txt"
            </summary>
            <returns>The string representation of this <see cref="T:SmashArcNet.Nodes.ArcFileNode"/></returns>
        </member>
        <member name="T:SmashArcNet.Nodes.IArcNode">
            <summary>
            A file or directory listing in the ARC.
            </summary>
        </member>
        <member name="P:SmashArcNet.Nodes.IArcNode.Path">
            <summary>
            The absolute path of the directory or file.
            </summary>
        </member>
        <member name="T:SmashArcNet.RustTypes.Hash40">
            <summary>
            A CRC32 hash with a specified length.
            </summary>
        </member>
        <member name="T:SmashArcNet.RustTypes.Region">
            <summary>
            The language region to use for operations that involve regional files.
            </summary>
        </member>
    </members>
</doc>
